id_hecho,FECHA,ROL,VICTIMA,SEXO,EDAD,FECHA_FALLECIMIENTO,DIA_DE_LA_SEMANA,semestre,ANIO,MES,DIA
2016-0001,2016-01-01,CONDUCTOR,MOTO,MASCULINO,19,1/1/2016,Viernes,1,2016,1,1
2016-0002,2016-01-02,CONDUCTOR,AUTO,MASCULINO,70,1/2/2016,Sábado,1,2016,1,2
2016-0003,2016-01-03,CONDUCTOR,MOTO,MASCULINO,30,1/3/2016,Domingo,1,2016,1,3
2016-0004,2016-01-10,CONDUCTOR,MOTO,MASCULINO,18,5,Domingo,1,2016,1,10
2016-0005,2016-01-21,CONDUCTOR,MOTO,MASCULINO,29,2/1/2016,Jueves,1,2016,1,21
2016-0008,2016-01-24,CONDUCTOR,MOTO,MASCULINO,30,1/24/2016,Domingo,1,2016,1,24
2016-0009,2016-01-24,PASAJERO_ACOMPAÑANTE,MOTO,MASCULINO,29,1/26/2016,Domingo,1,2016,1,24
2016-0010,2016-01-29,CONDUCTOR,MOTO,MASCULINO,18,1/29/2016,Viernes,1,2016,1,29
2016-0012,2016-02-08,CONDUCTOR,MOTO,MASCULINO,22,2/8/2016,Lunes,1,2016,2,8
2016-0013,2016-02-10,PEATON,PEATON,MASCULINO,16,2/10/2016,Miércoles,1,2016,2,10
2016-0015,2016-02-14,PEATON,PEATON,FEMENINO,16,2/14/2016,Domingo,1,2016,2,14
2016-0016,2016-02-14,PASAJERO_ACOMPAÑANTE,MOTO,FEMENINO,19,2/14/2016,Domingo,1,2016,2,14
2016-0017,2016-02-15,PEATON,PEATON,MASCULINO,59,2/16/2016,Lunes,1,2016,2,15
2016-0019,2016-02-17,PEATON,PEATON,FEMENINO,65,2/17/2016,Miércoles,1,2016,2,17
2016-0020,2016-02-17,PEATON,PEATON,MASCULINO,59,3/2/2016,Miércoles,1,2016,2,17
2016-0021,2016-02-17,CONDUCTOR,AUTO,MASCULINO,34,2/17/2016,Miércoles,1,2016,2,17
2016-0022,2016-02-21,PASAJERO_ACOMPAÑANTE,MOTO,MASCULINO,41,5,Domingo,1,2016,2,21
2016-0025,2016-02-28,PASAJERO_ACOMPAÑANTE,AUTO,MASCULINO,34,2/28/2016,Domingo,1,2016,2,28
2016-0026,2016-02-28,CONDUCTOR,AUTO,MASCULINO,30,3/4/2016,Domingo,1,2016,2,28
2016-0027,2016-02-28,PASAJERO_ACOMPAÑANTE,AUTO,MASCULINO,34,5,Domingo,1,2016,2,28
2016-0028,2016-03-02,PEATON,PEATON,MASCULINO,50,3/2/2016,Miércoles,1,2016,3,2
2016-0029,2016-03-04,PEATON,PEATON,MASCULINO,38,3/4/2016,Viernes,1,2016,3,4
2016-0031,2016-03-08,CONDUCTOR,MOTO,MASCULINO,21,5,Martes,1,2016,3,8
2016-0034,2016-03-12,PEATON,PEATON,MASCULINO,52,3/12/2016,Sábado,1,2016,3,12
2016-0035,2016-03-13,CONDUCTOR,MOTO,MASCULINO,34,3/13/2016,Domingo,1,2016,3,13
2016-0036,2016-03-14,PASAJERO_ACOMPAÑANTE,MOTO,MASCULINO,36,3/14/2016,Lunes,1,2016,3,14
2016-0037,2016-03-19,CONDUCTOR,MOTO,MASCULINO,20,3/19/2016,Sábado,1,2016,3,19
2016-0038,2016-03-21,PEATON,PEATON,MASCULINO,29,3/21/2016,Lunes,1,2016,3,21
2016-0039,2016-03-23,CONDUCTOR,MOTO,MASCULINO,20,3/23/2016,Miércoles,1,2016,3,23
2016-0041,2016-03-29,CONDUCTOR,MOTO,MASCULINO,54,3/29/2016,Martes,1,2016,3,29
2016-0041,2016-03-29,PASAJERO_ACOMPAÑANTE,MOTO,MASCULINO,30,3/30/2016,Martes,1,2016,3,29
2016-0043,2016-03-30,PEATON,PEATON,FEMENINO,56,3/30/2016,Miércoles,1,2016,3,30
2016-0044,2016-03-31,CONDUCTOR,MOTO,MASCULINO,24,3/31/2016,Jueves,1,2016,3,31
2016-0045,2016-04-11,CONDUCTOR,MOTO,MASCULINO,30,5,Lunes,1,2016,4,11
2016-0047,2016-04-15,PEATON,PEATON,MASCULINO,41,4/15/2016,Viernes,1,2016,4,15
2016-0048,2016-04-15,PEATON,PEATON,FEMENINO,30,5,Viernes,1,2016,4,15
2016-0049,2016-04-17,CONDUCTOR,MOTO,MASCULINO,30,5,Domingo,1,2016,4,17
2016-0050,2016-04-19,PEATON,PEATON,MASCULINO,78,4/19/2016,Martes,1,2016,4,19
2016-0051,2016-04-20,CONDUCTOR,MOTO,MASCULINO,36,4/20/2016,Miércoles,1,2016,4,20
2016-0052,2016-04-20,CONDUCTOR,MOTO,MASCULINO,30,5,Miércoles,1,2016,4,20
2016-0053,2016-04-22,PEATON,PEATON,MASCULINO,38,4/22/2016,Viernes,1,2016,4,22
2016-0054,2016-04-23,CONDUCTOR,MOTO,MASCULINO,30,4/25/2016,Sábado,1,2016,4,23
2016-0055,2016-04-25,PEATON,PEATON,MASCULINO,79,4/28/2016,Lunes,1,2016,4,25
2016-0056,2016-04-26,CONDUCTOR,MOTO,MASCULINO,26,4/26/2016,Martes,1,2016,4,26
2016-0058,2016-05-04,PEATON,PEATON,FEMENINO,57,5/8/2016,Miércoles,1,2016,5,4
2016-0059,2016-05-08,PEATON,PEATON,MASCULINO,37,5/26/2016,Domingo,1,2016,5,8
2016-0064,2016-05-14,PEATON,PEATON,MASCULINO,20,5,Sábado,1,2016,5,14
2016-0065,2016-05-20,PEATON,PEATON,MASCULINO,20,5/20/2016,Viernes,1,2016,5,20
2016-0067,2016-05-21,PASAJERO_ACOMPAÑANTE,MOTO,FEMENINO,30,5,Sábado,1,2016,5,21
2016-0068,2016-05-22,CONDUCTOR,MOTO,MASCULINO,58,5,Domingo,1,2016,5,22
2016-0069,2016-05-23,CONDUCTOR,AUTO,MASCULINO,30,5/23/2016,Lunes,1,2016,5,23
2016-0073,2016-06-11,CONDUCTOR,MOTO,MASCULINO,23,5,Sábado,1,2016,6,11
2016-0074,2016-06-12,CONDUCTOR,AUTO,MASCULINO,60,5,Domingo,1,2016,6,12
2016-0075,2016-06-12,PEATON,PEATON,MASCULINO,42,6/12/2016,Domingo,1,2016,6,12
2016-0076,2016-06-13,PEATON,PEATON,FEMENINO,53,6/13/2016,Lunes,1,2016,6,13
2016-0077,2016-06-13,PEATON,PEATON,FEMENINO,30,5,Lunes,1,2016,6,13
2016-0078,2016-06-13,CONDUCTOR,MOTO,MASCULINO,30,5,Lunes,1,2016,6,13
2016-0079,2016-06-16,CONDUCTOR,AUTO,FEMENINO,51,5,Jueves,1,2016,6,16
2016-0080,2016-06-18,CONDUCTOR,AUTO,MASCULINO,60,5,Sábado,1,2016,6,18
2016-0081,2016-06-22,CONDUCTOR,MOTO,MASCULINO,40,5,Miércoles,1,2016,6,22
2016-0082,2016-06-27,PEATON,PEATON,MASCULINO,87,7/5/2016,Lunes,1,2016,6,27
2016-0083,2016-06-28,PEATON,PEATON,FEMENINO,76,6/29/2016,Martes,1,2016,6,28
2016-0084,2016-06-29,PEATON,PEATON,MASCULINO,57,7/8/2016,Miércoles,1,2016,6,29
2016-0085,2016-06-29,CONDUCTOR,MOTO,MASCULINO,30,5,Miércoles,1,2016,6,29
2016-0086,2016-06-30,PEATON,PEATON,MASCULINO,75,7/1/2016,Jueves,1,2016,6,30
2016-0087,2016-07-03,CONDUCTOR,MOTO,MASCULINO,23,7/3/2016,Domingo,2,2016,7,3
2016-0088,2016-07-11,PEATON,PEATON,FEMENINO,70,7/14/2016,Lunes,2,2016,7,11
2016-0089,2016-07-14,PEATON,PEATON,MASCULINO,35,7/14/2016,Jueves,2,2016,7,14
2016-0090,2016-07-14,PEATON,PEATON,MASCULINO,60,7/15/2016,Jueves,2,2016,7,14
2016-0092,2016-07-15,CONDUCTOR,MOTO,MASCULINO,24,7/15/2016,Viernes,2,2016,7,15
2016-0093,2016-07-17,CONDUCTOR,AUTO,MASCULINO,35,7/19/2016,Domingo,2,2016,7,17
2016-0095,2016-07-23,CONDUCTOR,MOTO,MASCULINO,29,7/23/2016,Sábado,2,2016,7,23
2016-0096,2016-07-25,CONDUCTOR,MOTO,MASCULINO,30,5,Lunes,2,2016,7,25
2016-0097,2016-07-26,PEATON,PEATON,MASCULINO,80,8/12/2016,Martes,2,2016,7,26
2016-0098,2016-07-27,CONDUCTOR,MOTO,FEMENINO,43,5,Miércoles,2,2016,7,27
2016-0099,2016-07-29,CONDUCTOR,CARGAS,MASCULINO,45,5,Viernes,2,2016,7,29
2016-0100,2016-08-03,CONDUCTOR,MOTO,MASCULINO,57,8/3/2016,Miércoles,2,2016,8,3
2016-0101,2016-08-07,CONDUCTOR,MOTO,MASCULINO,67,5,Domingo,2,2016,8,7
2016-0102,2016-08-10,CONDUCTOR,MOTO,MASCULINO,29,5,Miércoles,2,2016,8,10
2016-0104,2016-08-14,CONDUCTOR,MOTO,MASCULINO,21,8/15/2016,Domingo,2,2016,8,14
2016-0105,2016-08-17,PEATON,PEATON,MASCULINO,19,8/26/2016,Miércoles,2,2016,8,17
2016-0106,2016-08-19,PEATON,PEATON,MASCULINO,38,5,Viernes,2,2016,8,19
2016-0107,2016-08-20,CONDUCTOR,MOTO,MASCULINO,21,5,Sábado,2,2016,8,20
2016-0109,2016-08-24,CONDUCTOR,AUTO,FEMENINO,53,8/24/2016,Miércoles,2,2016,8,24
2016-0110,2016-08-24,PEATON,PEATON,MASCULINO,57,5,Miércoles,2,2016,8,24
2016-0111,2016-08-25,CONDUCTOR,MOTO,MASCULINO,27,8/25/2016,Jueves,2,2016,8,25
2016-0112,2016-08-27,CONDUCTOR,MOTO,MASCULINO,24,8/27/2016,Sábado,2,2016,8,27
2016-0113,2016-08-27,PEATON,PEATON,FEMENINO,60,5,Sábado,2,2016,8,27
2016-0114,2016-08-31,CICLISTA,BICICLETA,FEMENINO,55,8/31/2016,Miércoles,2,2016,8,31
2016-0115,2016-09-02,CONDUCTOR,MOTO,MASCULINO,30,5,Viernes,2,2016,9,2
2016-0116,2016-09-02,CONDUCTOR,MOTO,MASCULINO,30,9/2/2016,Viernes,2,2016,9,2
2016-0117,2016-09-03,CONDUCTOR,AUTO,MASCULINO,43,5,Sábado,2,2016,9,3
2016-0118,2016-09-04,CONDUCTOR,AUTO,MASCULINO,27,9/4/2016,Domingo,2,2016,9,4
2016-0119,2016-09-04,PASAJERO_ACOMPAÑANTE,MOTO,FEMENINO,30,5,Domingo,2,2016,9,4
2016-0122,2016-09-13,CICLISTA,BICICLETA,MASCULINO,49,9/13/2016,Martes,2,2016,9,13
2016-0123,2016-09-14,CONDUCTOR,MOTO,FEMENINO,58,5,Miércoles,2,2016,9,14
2016-0124,2016-09-16,PEATON,PEATON,MASCULINO,67,5,Viernes,2,2016,9,16
2016-0125,2016-09-17,CONDUCTOR,MOTO,MASCULINO,30,5,Sábado,2,2016,9,17
2016-0126,2016-09-18,CONDUCTOR,AUTO,MASCULINO,37,5,Domingo,2,2016,9,18
2016-0126,2016-09-18,PASAJERO_ACOMPAÑANTE,AUTO,MASCULINO,60,5,Domingo,2,2016,9,18
2016-0127,2016-09-24,PEATON,PEATON,MASCULINO,50,5,Sábado,2,2016,9,24
2016-0128,2016-10-02,PEATON,PEATON,FEMENINO,81,10/2/2016,Domingo,2,2016,10,2
2016-0130,2016-10-04,CONDUCTOR,MOTO,MASCULINO,29,10/4/2016,Martes,2,2016,10,4
2016-0131,2016-10-09,PEATON,PEATON,MASCULINO,35,5,Domingo,2,2016,10,9
2016-0132,2016-10-10,PASAJERO_ACOMPAÑANTE,AUTO,MASCULINO,30,10/10/2016,Lunes,2,2016,10,10
2016-0133,2016-10-14,CONDUCTOR,MOTO,MASCULINO,41,10/25/2016,Viernes,2,2016,10,14
2016-0134,2016-10-23,CONDUCTOR,MOTO,MASCULINO,25,10/23/2016,Domingo,2,2016,10,23
2016-0135,2016-10-24,PEATON,PEATON,MASCULINO,29,10/25/2016,Lunes,2,2016,10,24
2016-0136,2016-10-25,CONDUCTOR,MOTO,MASCULINO,30,5,Martes,2,2016,10,25
2016-0137,2016-10-25,CONDUCTOR,MOTO,MASCULINO,30,5,Martes,2,2016,10,25
2016-0138,2016-10-27,CICLISTA,BICICLETA,FEMENINO,33,5,Jueves,2,2016,10,27
2016-0139,2016-10-28,PASAJERO_ACOMPAÑANTE,MOTO,FEMENINO,35,5,Viernes,2,2016,10,28
2016-0140,2016-10-31,PASAJERO_ACOMPAÑANTE,PASAJEROS,MASCULINO,20,5,Lunes,2,2016,10,31
2016-0142,2016-11-05,CONDUCTOR,MOTO,MASCULINO,46,11/5/2016,Sábado,2,2016,11,5
2016-0143,2016-11-06,CONDUCTOR,MOTO,MASCULINO,35,5,Domingo,2,2016,11,6
2016-0144,2016-11-07,PEATON,PEATON,MASCULINO,83,5,Lunes,2,2016,11,7
2016-0145,2016-11-07,CONDUCTOR,MOTO,MASCULINO,39,11/7/2016,Lunes,2,2016,11,7
2016-0146,2016-11-09,PEATON,PEATON,FEMENINO,29,5,Miércoles,2,2016,11,9
2016-0147,2016-11-16,PASAJERO_ACOMPAÑANTE,MOVIL,MASCULINO,55,11/16/2016,Miércoles,2,2016,11,16
2016-0148,2016-11-16,CONDUCTOR,MOTO,MASCULINO,30,5,Miércoles,2,2016,11,16
2016-0150,2016-11-18,PASAJERO_ACOMPAÑANTE,CARGAS,MASCULINO,41,11/18/2016,Viernes,2,2016,11,18
2016-0151,2016-11-18,PEATON,PEATON,MASCULINO,30,5,Viernes,2,2016,11,18
2016-0152,2016-11-23,CONDUCTOR,MOTO,MASCULINO,42,11/24/2016,Miércoles,2,2016,11,23
2016-0153,2016-11-25,PEATON,PEATON,FEMENINO,83,11/25/2016,Viernes,2,2016,11,25
2016-0154,2016-11-26,CONDUCTOR,MOTO,MASCULINO,38,5,Sábado,2,2016,11,26
2016-0155,2016-11-26,PEATON,PEATON,FEMENINO,29,5,Sábado,2,2016,11,26
2016-0156,2016-11-26,CONDUCTOR,MOTO,MASCULINO,23,11/30/2016,Sábado,2,2016,11,26
2016-0157,2016-12-03,CONDUCTOR,MOTO,MASCULINO,23,5,Sábado,2,2016,12,3
2016-0159,2016-12-04,CONDUCTOR,AUTO,MASCULINO,23,5,Domingo,2,2016,12,4
2016-0160,2016-12-06,CONDUCTOR,CARGAS,MASCULINO,29,12/6/2016,Martes,2,2016,12,6
2016-0161,2016-12-06,PEATON,PEATON,MASCULINO,50,12/6/2016,Martes,2,2016,12,6
2016-0162,2016-12-07,PEATON,PEATON,MASCULINO,38,1/1/2017,Miércoles,2,2016,12,7
2016-0163,2016-12-10,CONDUCTOR,MOTO,MASCULINO,23,5,Sábado,2,2016,12,10
2016-0164,2016-12-11,CONDUCTOR,AUTO,MASCULINO,29,5,Domingo,2,2016,12,11
2016-0165,2016-12-12,CICLISTA,BICICLETA,MASCULINO,37,5,Lunes,2,2016,12,12
2016-0168,2016-12-13,CONDUCTOR,MOTO,MASCULINO,43,12/13/2016,Martes,2,2016,12,13
2016-0169,2016-12-15,CONDUCTOR,MOTO,MASCULINO,24,12/16/2016,Jueves,2,2016,12,15
2016-0170,2016-12-19,PASAJERO_ACOMPAÑANTE,MOTO,MASCULINO,21,12/19/2016,Lunes,2,2016,12,19
2016-0171,2016-12-25,CONDUCTOR,MOTO,MASCULINO,30,5,Domingo,2,2016,12,25
2016-0172,2016-12-26,CONDUCTOR,MOTO,MASCULINO,38,12/26/2016,Lunes,2,2016,12,26
2016-0173,2016-12-26,CONDUCTOR,MOTO,MASCULINO,35,5,Lunes,2,2016,12,26
2016-0174,2016-12-27,CONDUCTOR,MOTO,MASCULINO,30,5,Martes,2,2016,12,27
2016-0175,2016-12-27,PEATON,PEATON,FEMENINO,30,5,Martes,2,2016,12,27
2016-0176,2016-12-28,CONDUCTOR,MOTO,MASCULINO,28,5,Miércoles,2,2016,12,28
2016-0177,2016-12-29,PEATON,PEATON,FEMENINO,27,5,Jueves,2,2016,12,29
2016-0178,2016-12-30,PEATON,PEATON,FEMENINO,7,5,Viernes,2,2016,12,30
2017-0001,2017-01-02,CONDUCTOR,MOTO,MASCULINO,18,1/2/2017,Lunes,1,2017,1,2
2017-0003,2017-01-05,PASAJERO_ACOMPAÑANTE,CARGAS,MASCULINO,33,1/5/2017,Jueves,1,2017,1,5
2017-0007,2017-01-11,PEATON,PEATON,MASCULINO,48,1/11/2017,Miércoles,1,2017,1,11
2017-0008,2017-01-16,CONDUCTOR,MOTO,MASCULINO,29,1/16/2017,Lunes,1,2017,1,16
2017-0009,2017-01-16,CONDUCTOR,MOTO,MASCULINO,36,1/16/2017,Lunes,1,2017,1,16
2017-0010,2017-01-16,CONDUCTOR,MOTO,MASCULINO,23,1/16/2017,Lunes,1,2017,1,16
2017-0011,2017-01-22,PASAJERO_ACOMPAÑANTE,MOTO,FEMENINO,29,1/22/2017,Domingo,1,2017,1,22
2017-0012,2017-01-24,CONDUCTOR,MOTO,MASCULINO,30,1/24/2017,Martes,1,2017,1,24
2017-0013,2017-01-27,PEATON,PEATON,MASCULINO,4,1/27/2017,Viernes,1,2017,1,27
2017-0014,2017-01-28,PASAJERO_ACOMPAÑANTE,MOTO,FEMENINO,22,1/28/2017,Sábado,1,2017,1,28
2017-0015,2017-02-02,PEATON,PEATON,MASCULINO,82,2/21/2017,Jueves,1,2017,2,2
2017-0016,2017-02-03,CONDUCTOR,MOTO,MASCULINO,27,2/4/2017,Viernes,1,2017,2,3
2017-0017,2017-02-06,CONDUCTOR,MOTO,MASCULINO,32,2/6/2017,Lunes,1,2017,2,6
2017-0018,2017-02-09,CONDUCTOR,MOTO,MASCULINO,30,2/9/2017,Jueves,1,2017,2,9
2017-0021,2017-02-18,CONDUCTOR,MOTO,MASCULINO,43,2/18/2017,Sábado,1,2017,2,18
2017-0024,2017-02-23,PEATON,PEATON,MASCULINO,39,2/23/2017,Jueves,1,2017,2,23
2017-0025,2017-02-24,CONDUCTOR,MOTO,MASCULINO,23,2/24/2017,Viernes,1,2017,2,24
2017-0026,2017-02-26,PASAJERO_ACOMPAÑANTE,AUTO,FEMENINO,23,2/26/2017,Domingo,1,2017,2,26
2017-0026,2017-02-26,CONDUCTOR,AUTO,MASCULINO,19,2/26/2017,Domingo,1,2017,2,26
2017-0027,2017-02-26,PEATON,PEATON,MASCULINO,30,2/26/2017,Domingo,1,2017,2,26
2017-0028,2017-02-28,PEATON,PEATON,MASCULINO,87,2/28/2017,Martes,1,2017,2,28
2017-0029,2017-03-07,CONDUCTOR,MOTO,MASCULINO,34,3/7/2017,Martes,1,2017,3,7
2017-0030,2017-03-07,CONDUCTOR,AUTO,FEMENINO,27,3/7/2017,Martes,1,2017,3,7
2017-0031,2017-03-11,PASAJERO_ACOMPAÑANTE,AUTO,MASCULINO,70,3/11/2017,Sábado,1,2017,3,11
2017-0032,2017-03-12,PASAJERO_ACOMPAÑANTE,AUTO,FEMENINO,40,3/12/2017,Domingo,1,2017,3,12
2017-0033,2017-03-12,CONDUCTOR,AUTO,MASCULINO,28,3/12/2017,Domingo,1,2017,3,12
2017-0034,2017-03-13,PEATON,PEATON,MASCULINO,43,3/13/2017,Lunes,1,2017,3,13
2017-0035,2017-03-23,CONDUCTOR,AUTO,MASCULINO,28,3/23/2017,Jueves,1,2017,3,23
2017-0035,2017-03-23,PASAJERO_ACOMPAÑANTE,AUTO,MASCULINO,32,3/23/2017,Jueves,1,2017,3,23
2017-0035,2017-03-23,PASAJERO_ACOMPAÑANTE,AUTO,MASCULINO,30,3/23/2017,Jueves,1,2017,3,23
2017-0036,2017-03-29,PASAJERO_ACOMPAÑANTE,MOTO,FEMENINO,30,3/29/2017,Miércoles,1,2017,3,29
2017-0036,2017-03-29,CONDUCTOR,MOTO,MASCULINO,20,3/29/2017,Miércoles,1,2017,3,29
2017-0037,2017-03-31,CONDUCTOR,MOTO,MASCULINO,41,3/31/2017,Viernes,1,2017,3,31
2017-0038,2017-04-01,CONDUCTOR,MOTO,FEMENINO,40,4/1/2017,Sábado,1,2017,4,1
2017-0040,2017-04-03,CONDUCTOR,AUTO,MASCULINO,43,4/3/2017,Lunes,1,2017,4,3
2017-0041,2017-04-03,CONDUCTOR,MOTO,MASCULINO,17,5,Lunes,1,2017,4,3
2017-0042,2017-04-10,CONDUCTOR,MOTO,MASCULINO,30,4/10/2017,Lunes,1,2017,4,10
2017-0045,2017-04-14,CONDUCTOR,MOTO,MASCULINO,21,4/14/2017,Viernes,1,2017,4,14
2017-0047,2017-04-23,CONDUCTOR,MOTO,MASCULINO,37,4/23/2017,Domingo,1,2017,4,23
2017-0049,2017-04-27,PEATON,PEATON,MASCULINO,22,4/27/2017,Jueves,1,2017,4,27
2017-0050,2017-04-28,CONDUCTOR,MOTO,MASCULINO,46,4/28/2017,Viernes,1,2017,4,28
2017-0050,2017-04-28,PASAJERO_ACOMPAÑANTE,MOTO,MASCULINO,16,4/28/2017,Viernes,1,2017,4,28
2017-0051,2017-05-01,CONDUCTOR,AUTO,MASCULINO,33,5/1/2017,Lunes,1,2017,5,1
2017-0052,2017-05-05,PEATON,PEATON,FEMENINO,47,5/5/2017,Viernes,1,2017,5,5
2017-0053,2017-05-05,CONDUCTOR,MOTO,MASCULINO,28,5/5/2017,Viernes,1,2017,5,5
2017-0054,2017-05-07,PASAJERO_ACOMPAÑANTE,MOTO,FEMENINO,20,5/7/2017,Domingo,1,2017,5,7
2017-0055,2017-05-09,CONDUCTOR,AUTO,MASCULINO,32,5/9/2017,Martes,1,2017,5,9
2017-0058,2017-05-09,PEATON,PEATON,MASCULINO,80,5/9/2017,Martes,1,2017,5,9
2017-0059,2017-05-11,PEATON,PEATON,FEMENINO,39,5/11/2017,Jueves,1,2017,5,11
2017-0060,2017-05-13,PASAJERO_ACOMPAÑANTE,MOTO,MASCULINO,30,5/13/2017,Sábado,1,2017,5,13
2017-0061,2017-05-15,PEATON,PEATON,MASCULINO,47,5/16/2017,Lunes,1,2017,5,15
2017-0062,2017-05-15,CONDUCTOR,MOTO,MASCULINO,35,5/15/2017,Lunes,1,2017,5,15
2017-0063,2017-05-17,PEATON,PEATON,FEMENINO,79,5/17/2017,Miércoles,1,2017,5,17
2017-0064,2017-05-20,PASAJERO_ACOMPAÑANTE,CARGAS,MASCULINO,61,5/20/2017,Sábado,1,2017,5,20
2017-0065,2017-05-22,CICLISTA,BICICLETA,MASCULINO,21,5/22/2017,Lunes,1,2017,5,22
2017-0066,2017-05-22,PEATON,PEATON,MASCULINO,10,5/22/2017,Lunes,1,2017,5,22
2017-0067,2017-05-23,CONDUCTOR,MOTO,MASCULINO,21,5/23/2017,Martes,1,2017,5,23
2017-0068,2017-05-27,CONDUCTOR,MOTO,MASCULINO,32,5/27/2017,Sábado,1,2017,5,27
2017-0069,2017-05-29,CONDUCTOR,MOTO,MASCULINO,39,5/29/2017,Lunes,1,2017,5,29
2017-0070,2017-05-30,PEATON,PEATON,MASCULINO,80,5/31/2017,Martes,1,2017,5,30
2017-0072,2017-06-03,CONDUCTOR,AUTO,MASCULINO,25,6/3/2017,Sábado,1,2017,6,3
2017-0073,2017-06-04,CONDUCTOR,MOTO,MASCULINO,19,6/4/2017,Domingo,1,2017,6,4
2017-0074,2017-06-04,CONDUCTOR,MOTO,MASCULINO,70,6/4/2017,Domingo,1,2017,6,4
2017-0075,2017-06-12,PEATON,PEATON,MASCULINO,55,6/12/2017,Lunes,1,2017,6,12
2017-0076,2017-06-13,PEATON,PEATON,FEMENINO,30,6/13/2017,Martes,1,2017,6,13
2017-0077,2017-06-17,CONDUCTOR,MOTO,FEMENINO,60,6/18/2017,Sábado,1,2017,6,17
2017-0079,2017-06-19,CONDUCTOR,MOTO,MASCULINO,33,6/19/2017,Lunes,1,2017,6,19
2017-0080,2017-06-22,PEATON,PEATON,FEMENINO,95,6/22/2017,Jueves,1,2017,6,22
2017-0082,2017-06-25,PEATON,PEATON,MASCULINO,36,6/25/2017,Domingo,1,2017,6,25
2017-0083,2017-07-04,CONDUCTOR,MOTO,MASCULINO,37,7/4/2017,Martes,2,2017,7,4
2017-0084,2017-07-05,PEATON,PEATON,FEMENINO,73,7/5/2017,Miércoles,2,2017,7,5
2017-0085,2017-07-07,PEATON,PEATON,MASCULINO,84,7/7/2017,Viernes,2,2017,7,7
2017-0086,2017-07-09,PEATON,PEATON,FEMENINO,30,7/9/2017,Domingo,2,2017,7,9
2017-0087,2017-07-10,PEATON,PEATON,FEMENINO,73,7/10/2017,Lunes,2,2017,7,10
2017-0088,2017-07-10,PEATON,PEATON,MASCULINO,43,7/10/2017,Lunes,2,2017,7,10
2017-0089,2017-07-13,CONDUCTOR,MOTO,MASCULINO,23,5,Jueves,2,2017,7,13
2017-0090,2017-07-15,PEATON,PEATON,MASCULINO,22,7/15/2017,Sábado,2,2017,7,15
2017-0091,2017-07-15,CONDUCTOR,MOTO,MASCULINO,58,7/15/2017,Sábado,2,2017,7,15
2017-0092,2017-07-24,PEATON,PEATON,MASCULINO,66,7/24/2017,Lunes,2,2017,7,24
2017-0093,2017-07-25,PEATON,PEATON,MASCULINO,30,7/25/2017,Martes,2,2017,7,25
2017-0094,2017-07-27,CICLISTA,BICICLETA,FEMENINO,56,7/27/2017,Jueves,2,2017,7,27
2017-0095,2017-08-06,CONDUCTOR,MOTO,MASCULINO,36,8/6/2017,Domingo,2,2017,8,6
2017-0096,2017-08-07,PEATON,PEATON,MASCULINO,87,8/7/2017,Lunes,2,2017,8,7
2017-0098,2017-08-08,PEATON,PEATON,FEMENINO,61,8/8/2017,Martes,2,2017,8,8
2017-0099,2017-08-17,CICLISTA,BICICLETA,MASCULINO,28,8/17/2017,Jueves,2,2017,8,17
2017-0100,2017-08-21,PASAJERO_ACOMPAÑANTE,MOTO,FEMENINO,16,8/21/2017,Lunes,2,2017,8,21
2017-0101,2017-08-23,PEATON,PEATON,FEMENINO,61,8/23/2017,Miércoles,2,2017,8,23
2017-0102,2017-08-24,PEATON,PEATON,MASCULINO,46,8/24/2017,Jueves,2,2017,8,24
2017-0104,2017-08-25,PEATON,PEATON,FEMENINO,18,8/25/2017,Viernes,2,2017,8,25
2017-0106,2017-08-31,PEATON,PEATON,FEMENINO,85,8/31/2017,Jueves,2,2017,8,31
2017-0107,2017-09-01,CONDUCTOR,MOTO,MASCULINO,41,9/1/2017,Viernes,2,2017,9,1
2017-0108,2017-09-02,PASAJERO_ACOMPAÑANTE,AUTO,MASCULINO,17,9/2/2017,Sábado,2,2017,9,2
2017-0108,2017-09-02,PASAJERO_ACOMPAÑANTE,AUTO,MASCULINO,10,9/2/2017,Sábado,2,2017,9,2
2017-0109,2017-09-04,CONDUCTOR,MOTO,MASCULINO,21,9/5/2017,Lunes,2,2017,9,4
2017-0110,2017-09-06,PEATON,PEATON,MASCULINO,56,9/7/2017,Miércoles,2,2017,9,6
2017-0111,2017-09-07,PEATON,PEATON,FEMENINO,79,9/7/2017,Jueves,2,2017,9,7
2017-0112,2017-09-10,PASAJERO_ACOMPAÑANTE,AUTO,MASCULINO,1,5,Domingo,2,2017,9,10
2017-0112,2017-09-10,PASAJERO_ACOMPAÑANTE,AUTO,MASCULINO,30,9/13/2017,Domingo,2,2017,9,10
2017-0113,2017-09-11,PEATON,PEATON,FEMENINO,76,9/11/2017,Lunes,2,2017,9,11
2017-0114,2017-09-15,CONDUCTOR,AUTO,MASCULINO,26,9/15/2017,Viernes,2,2017,9,15
2017-0115,2017-09-19,CONDUCTOR,MOTO,MASCULINO,34,5,Martes,2,2017,9,19
2017-0116,2017-09-20,CONDUCTOR,MOTO,MASCULINO,22,9/20/2017,Miércoles,2,2017,9,20
2017-0118,2017-09-22,PASAJERO_ACOMPAÑANTE,MOTO,FEMENINO,26,9/29/2017,Viernes,2,2017,9,22
2017-0120,2017-10-02,CONDUCTOR,MOTO,MASCULINO,20,10/2/2017,Lunes,2,2017,10,2
2017-0123,2017-10-10,PEATON,PEATON,FEMENINO,36,10/10/2017,Martes,2,2017,10,10
2017-0124,2017-10-12,CONDUCTOR,MOTO,MASCULINO,51,10/12/2017,Jueves,2,2017,10,12
2017-0125,2017-10-13,CONDUCTOR,MOTO,MASCULINO,29,10/13/2017,Viernes,2,2017,10,13
2017-0126,2017-10-14,PASAJERO_ACOMPAÑANTE,AUTO,MASCULINO,39,5,Sábado,2,2017,10,14
2017-0126,2017-10-14,CONDUCTOR,AUTO,MASCULINO,36,10/14/2017,Sábado,2,2017,10,14
2017-0127,2017-10-16,PASAJERO_ACOMPAÑANTE,MOTO,MASCULINO,24,10/16/2017,Lunes,2,2017,10,16
2017-0128,2017-10-17,PEATON,PEATON,FEMENINO,60,10/17/2017,Martes,2,2017,10,17
2017-0129,2017-10-26,CONDUCTOR,MOTO,MASCULINO,57,10/26/2017,Jueves,2,2017,10,26
2017-0130,2017-10-27,CONDUCTOR,AUTO,MASCULINO,23,10/27/2017,Viernes,2,2017,10,27
2017-0132,2017-10-30,CONDUCTOR,MOTO,MASCULINO,23,10/30/2017,Lunes,2,2017,10,30
2017-0134,2017-11-06,PEATON,PEATON,FEMENINO,47,11/6/2017,Lunes,2,2017,11,6
2017-0135,2017-11-07,CONDUCTOR,MOTO,MASCULINO,24,11/7/2017,Martes,2,2017,11,7
2017-0136,2017-11-16,PEATON,PEATON,MASCULINO,55,11/16/2017,Jueves,2,2017,11,16
2017-0137,2017-11-17,PEATON,PEATON,FEMENINO,60,11/17/2017,Viernes,2,2017,11,17
2017-0138,2017-11-19,PASAJERO_ACOMPAÑANTE,MOTO,MASCULINO,25,11/19/2017,Domingo,2,2017,11,19
2017-0139,2017-11-19,PASAJERO_ACOMPAÑANTE,AUTO,FEMENINO,15,11/19/2017,Domingo,2,2017,11,19
2017-0140,2017-11-19,CONDUCTOR,MOTO,MASCULINO,24,11/19/2017,Domingo,2,2017,11,19
2017-0141,2017-11-23,PEATON,PEATON,FEMENINO,22,11/23/2017,Jueves,2,2017,11,23
2017-0143,2017-11-25,CONDUCTOR,AUTO,MASCULINO,50,11/25/2017,Sábado,2,2017,11,25
2017-0144,2017-11-26,PASAJERO_ACOMPAÑANTE,AUTO,FEMENINO,50,11/26/2017,Domingo,2,2017,11,26
2017-0145,2017-11-26,CONDUCTOR,MOTO,MASCULINO,58,11/26/2017,Domingo,2,2017,11,26
2017-0147,2017-11-28,CONDUCTOR,MOTO,MASCULINO,49,11/28/2017,Martes,2,2017,11,28
2017-0148,2017-11-29,PEATON,PEATON,FEMENINO,82,11/29/2017,Miércoles,2,2017,11,29
2017-0149,2017-11-30,PEATON,PEATON,MASCULINO,13,11/30/2017,Jueves,2,2017,11,30
2017-0150,2017-12-04,PEATON,PEATON,MASCULINO,56,12/4/2017,Lunes,2,2017,12,4
2017-0151,2017-12-04,PEATON,PEATON,MASCULINO,30,12/4/2017,Lunes,2,2017,12,4
2017-0152,2017-12-06,CICLISTA,BICICLETA,MASCULINO,19,12/6/2017,Miércoles,2,2017,12,6
2017-0153,2017-12-11,PASAJERO_ACOMPAÑANTE,MOTO,MASCULINO,30,12/12/2017,Lunes,2,2017,12,11
2017-0153,2017-12-11,CONDUCTOR,MOTO,MASCULINO,30,12/12/2017,Lunes,2,2017,12,11
2017-0154,2017-12-11,PEATON,PEATON,MASCULINO,76,12/11/2017,Lunes,2,2017,12,11
2017-0155,2017-12-12,CONDUCTOR,MOTO,MASCULINO,77,5,Martes,2,2017,12,12
2017-0157,2017-12-17,CONDUCTOR,AUTO,MASCULINO,53,12/17/2017,Domingo,2,2017,12,17
2017-0158,2017-12-18,CONDUCTOR,MOTO,MASCULINO,32,12/18/2017,Lunes,2,2017,12,18
2017-0159,2017-12-20,CONDUCTOR,MOTO,MASCULINO,27,12/20/2017,Miércoles,2,2017,12,20
2017-0160,2017-12-22,PEATON,PEATON,FEMENINO,30,12/22/2017,Viernes,2,2017,12,22
2017-0161,2017-12-26,PEATON,PEATON,FEMENINO,30,12/26/2017,Martes,2,2017,12,26
2018-0001,2018-01-01,PEATON,PEATON,MASCULINO,83,1/2/2018,Lunes,1,2018,1,1
2018-0002,2018-01-03,CICLISTA,BICICLETA,FEMENINO,26,1/3/2018,Miércoles,1,2018,1,3
2018-0003,2018-01-05,PEATON,PEATON,FEMENINO,58,1/5/2018,Viernes,1,2018,1,5
2018-0004,2018-01-09,CONDUCTOR,MOTO,MASCULINO,39,1/9/2018,Martes,1,2018,1,9
2018-0005,2018-01-09,PEATON,PEATON,MASCULINO,54,1/9/2018,Martes,1,2018,1,9
2018-0006,2018-01-10,CICLISTA,BICICLETA,FEMENINO,45,1/10/2018,Miércoles,1,2018,1,10
2018-0007,2018-01-11,CONDUCTOR,AUTO,MASCULINO,46,1/11/2018,Jueves,1,2018,1,11
2018-0008,2018-01-12,CONDUCTOR,MOTO,FEMENINO,32,1/12/2018,Viernes,1,2018,1,12
2018-0009,2018-01-14,CONDUCTOR,MOTO,MASCULINO,19,1/14/2018,Domingo,1,2018,1,14
2018-0010,2018-01-18,CONDUCTOR,MOTO,MASCULINO,40,1/18/2018,Jueves,1,2018,1,18
2018-0011,2018-01-19,PEATON,PEATON,MASCULINO,84,1/19/2018,Viernes,1,2018,1,19
2018-0012,2018-01-26,CONDUCTOR,MOTO,MASCULINO,20,1/26/2018,Viernes,1,2018,1,26
2018-0013,2018-01-28,CONDUCTOR,MOTO,MASCULINO,44,1/28/2018,Domingo,1,2018,1,28
2018-0014,2018-01-31,PEATON,PEATON,MASCULINO,30,2/4/2018,Miércoles,1,2018,1,31
2018-0015,2018-02-06,CONDUCTOR,MOTO,MASCULINO,28,2/6/2018,Martes,1,2018,2,6
2018-0015,2018-02-06,PASAJERO_ACOMPAÑANTE,MOTO,MASCULINO,19,2/6/2018,Martes,1,2018,2,6
2018-0016,2018-02-15,CONDUCTOR,MOTO,MASCULINO,31,2/15/2018,Jueves,1,2018,2,15
2018-0017,2018-02-17,PEATON,PEATON,MASCULINO,35,2/20/2018,Sábado,1,2018,2,17
2018-0018,2018-02-17,CONDUCTOR,MOTO,MASCULINO,26,2/17/2018,Sábado,1,2018,2,17
2018-0019,2018-02-17,PEATON,PEATON,FEMENINO,80,2/17/2018,Sábado,1,2018,2,17
2018-0020,2018-02-19,CONDUCTOR,MOTO,MASCULINO,26,2/19/2018,Lunes,1,2018,2,19
2018-0021,2018-02-22,PEATON,PEATON,FEMENINO,62,2/22/2018,Jueves,1,2018,2,22
2018-0022,2018-02-24,CONDUCTOR,MOTO,MASCULINO,28,2/24/2018,Sábado,1,2018,2,24
2018-0023,2018-02-24,CONDUCTOR,MOTO,MASCULINO,28,2/24/2018,Sábado,1,2018,2,24
2018-0024,2018-02-28,PEATON,PEATON,MASCULINO,70,2/28/2018,Miércoles,1,2018,2,28
2018-0025,2018-03-04,PEATON,PEATON,MASCULINO,70,3/5/2018,Domingo,1,2018,3,4
2018-0026,2018-03-09,CONDUCTOR,MOVIL,MASCULINO,24,3/9/2018,Viernes,1,2018,3,9
2018-0026,2018-03-09,PASAJERO_ACOMPAÑANTE,MOVIL,MASCULINO,30,3/9/2018,Viernes,1,2018,3,9
2018-0027,2018-03-11,PEATON,PEATON,FEMENINO,74,3/11/2018,Domingo,1,2018,3,11
2018-0028,2018-03-13,PEATON,PEATON,MASCULINO,71,3/13/2018,Martes,1,2018,3,13
2018-0029,2018-03-15,CONDUCTOR,MOTO,MASCULINO,26,3/15/2018,Jueves,1,2018,3,15
2018-0030,2018-03-20,CONDUCTOR,MOTO,MASCULINO,24,3/20/2018,Martes,1,2018,3,20
2018-0031,2018-03-28,CONDUCTOR,MOTO,MASCULINO,31,3/28/2018,Miércoles,1,2018,3,28
2018-0032,2018-04-02,PEATON,PEATON,MASCULINO,70,4/2/2018,Lunes,1,2018,4,2
2018-0033,2018-04-07,CONDUCTOR,MOTO,FEMENINO,42,4/10/2018,Sábado,1,2018,4,7
2018-0034,2018-04-11,PEATON,PEATON,MASCULINO,24,4/11/2018,Miércoles,1,2018,4,11
2018-0035,2018-04-12,PEATON,PEATON,FEMENINO,39,4/12/2018,Jueves,1,2018,4,12
2018-0036,2018-04-13,CONDUCTOR,MOTO,MASCULINO,37,4/15/2018,Viernes,1,2018,4,13
2018-0037,2018-04-18,PEATON,PEATON,MASCULINO,84,4/19/2018,Miércoles,1,2018,4,18
2018-0038,2018-04-20,PEATON,PEATON,FEMENINO,59,4/20/2018,Viernes,1,2018,4,20
2018-0038,2018-04-20,PEATON,PEATON,MASCULINO,61,4/20/2018,Viernes,1,2018,4,20
2018-0039,2018-04-21,PEATON,PEATON,MASCULINO,37,4/21/2018,Sábado,1,2018,4,21
2018-0040,2018-04-27,PEATON,PEATON,FEMENINO,30,4/27/2018,Viernes,1,2018,4,27
2018-0041,2018-04-27,PEATON,PEATON,FEMENINO,78,4/27/2018,Viernes,1,2018,4,27
2018-0042,2018-04-27,PASAJERO_ACOMPAÑANTE,MOTO,MASCULINO,23,4/27/2018,Viernes,1,2018,4,27
2018-0043,2018-04-28,CONDUCTOR,MOTO,MASCULINO,25,4/29/2018,Sábado,1,2018,4,28
2018-0044,2018-04-28,PEATON,PEATON,FEMENINO,50,4/28/2018,Sábado,1,2018,4,28
2018-0045,2018-04-30,CONDUCTOR,AUTO,MASCULINO,60,4/30/2018,Lunes,1,2018,4,30
2018-0046,2018-05-02,PEATON,PEATON,MASCULINO,11,5/2/2018,Miércoles,1,2018,5,2
2018-0047,2018-05-08,PEATON,PEATON,MASCULINO,82,5/9/2018,Martes,1,2018,5,8
2018-0048,2018-05-09,PEATON,PEATON,MASCULINO,57,5/16/2018,Miércoles,1,2018,5,9
2018-0049,2018-05-11,PEATON,PEATON,FEMENINO,40,5/13/2018,Viernes,1,2018,5,11
2018-0050,2018-05-14,PEATON,PEATON,FEMENINO,47,5/24/2018,Lunes,1,2018,5,14
2018-0051,2018-05-15,PEATON,PEATON,FEMENINO,57,5/15/2018,Martes,1,2018,5,15
2018-0052,2018-05-18,PEATON,PEATON,MASCULINO,78,5/19/2018,Viernes,1,2018,5,18
2018-0053,2018-05-20,CONDUCTOR,MOTO,MASCULINO,43,5/20/2018,Domingo,1,2018,5,20
2018-0054,2018-05-22,PEATON,PEATON,FEMENINO,86,5/25/2018,Martes,1,2018,5,22
2018-0055,2018-05-29,CONDUCTOR,MOTO,MASCULINO,21,5/29/2018,Martes,1,2018,5,29
2018-0056,2018-06-02,PEATON,PEATON,FEMENINO,69,6/4/2018,Sábado,1,2018,6,2
2018-0057,2018-06-03,CONDUCTOR,MOTO,MASCULINO,33,6/4/2018,Domingo,1,2018,6,3
2018-0058,2018-06-03,CONDUCTOR,MOTO,MASCULINO,26,6/13/2018,Domingo,1,2018,6,3
2018-0059,2018-06-08,CONDUCTOR,MOTO,MASCULINO,54,6/8/2018,Viernes,1,2018,6,8
2018-0060,2018-06-08,PEATON,PEATON,MASCULINO,51,6/8/2018,Viernes,1,2018,6,8
2018-0061,2018-06-10,CONDUCTOR,MOTO,MASCULINO,51,6/10/2018,Domingo,1,2018,6,10
2018-0062,2018-06-14,PEATON,PEATON,MASCULINO,32,6/14/2018,Jueves,1,2018,6,14
2018-0063,2018-06-16,PEATON,PEATON,FEMENINO,28,6/17/2018,Sábado,1,2018,6,16
2018-0064,2018-06-25,CONDUCTOR,AUTO,MASCULINO,30,6/25/2018,Lunes,1,2018,6,25
2018-0065,2018-06-26,CONDUCTOR,MOTO,MASCULINO,35,6/26/2018,Martes,1,2018,6,26
2018-0066,2018-06-28,PEATON,PEATON,MASCULINO,73,6/28/2018,Jueves,1,2018,6,28
2018-0067,2018-06-29,PASAJERO_ACOMPAÑANTE,PASAJEROS,FEMENINO,81,7/6/2018,Viernes,1,2018,6,29
2018-0068,2018-07-01,CONDUCTOR,MOTO,MASCULINO,21,7/1/2018,Domingo,2,2018,7,1
2018-0069,2018-07-04,CICLISTA,BICICLETA,MASCULINO,20,7/4/2018,Miércoles,2,2018,7,4
2018-0070,2018-07-07,CONDUCTOR,MOTO,MASCULINO,33,7/7/2018,Sábado,2,2018,7,7
2018-0071,2018-07-10,CONDUCTOR,MOTO,MASCULINO,30,7/10/2018,Martes,2,2018,7,10
2018-0072,2018-07-11,CONDUCTOR,MOTO,MASCULINO,27,7/13/2018,Miércoles,2,2018,7,11
2018-0073,2018-07-11,PEATON,PEATON,FEMENINO,67,7/11/2018,Miércoles,2,2018,7,11
2018-0074,2018-07-14,CONDUCTOR,AUTO,MASCULINO,25,7/14/2018,Sábado,2,2018,7,14
2018-0075,2018-07-15,PEATON,PEATON,MASCULINO,23,7/15/2018,Domingo,2,2018,7,15
2018-0076,2018-07-16,CONDUCTOR,AUTO,MASCULINO,73,7/16/2018,Lunes,2,2018,7,16
2018-0077,2018-07-16,CONDUCTOR,AUTO,MASCULINO,58,7/17/2018,Lunes,2,2018,7,16
2018-0078,2018-07-21,PEATON,PEATON,MASCULINO,27,7/21/2018,Sábado,2,2018,7,21
2018-0079,2018-07-23,PEATON,PEATON,MASCULINO,30,7/23/2018,Lunes,2,2018,7,23
2018-0080,2018-07-25,PEATON,PEATON,MASCULINO,26,7/25/2018,Miércoles,2,2018,7,25
2018-0081,2018-07-29,PEATON,PEATON,MASCULINO,35,7/29/2018,Domingo,2,2018,7,29
2018-0082,2018-08-01,CONDUCTOR,MOTO,FEMENINO,17,8/1/2018,Miércoles,2,2018,8,1
2018-0083,2018-08-02,CONDUCTOR,MOTO,MASCULINO,30,8/2/2018,Jueves,2,2018,8,2
2018-0084,2018-08-03,PEATON,PEATON,MASCULINO,45,8/3/2018,Viernes,2,2018,8,3
2018-0085,2018-08-03,PASAJERO_ACOMPAÑANTE,MOTO,FEMENINO,22,8/3/2018,Viernes,2,2018,8,3
2018-0085,2018-08-03,CONDUCTOR,MOTO,MASCULINO,30,8/3/2018,Viernes,2,2018,8,3
2018-0086,2018-08-10,PEATON,PEATON,MASCULINO,40,8/10/2018,Viernes,2,2018,8,10
2018-0087,2018-08-15,PEATON,PEATON,MASCULINO,75,8/20/2018,Miércoles,2,2018,8,15
2018-0088,2018-08-17,CONDUCTOR,MOTO,MASCULINO,30,8/17/2018,Viernes,2,2018,8,17
2018-0089,2018-08-17,PEATON,PEATON,MASCULINO,80,8/17/2018,Viernes,2,2018,8,17
2018-0090,2018-08-18,CONDUCTOR,MOTO,MASCULINO,27,8/18/2018,Sábado,2,2018,8,18
2018-0091,2018-08-19,PASAJERO_ACOMPAÑANTE,AUTO,FEMENINO,23,8/19/2018,Domingo,2,2018,8,19
2018-0092,2018-08-20,CONDUCTOR,MOTO,MASCULINO,23,8/20/2018,Lunes,2,2018,8,20
2018-0093,2018-08-20,PEATON,PEATON,MASCULINO,24,8/20/2018,Lunes,2,2018,8,20
2018-0094,2018-08-23,CONDUCTOR,MOTO,MASCULINO,32,8/23/2018,Jueves,2,2018,8,23
2018-0095,2018-08-26,PASAJERO_ACOMPAÑANTE,AUTO,FEMENINO,49,8/26/2018,Domingo,2,2018,8,26
2018-0096,2018-08-31,PEATON,PEATON,MASCULINO,39,8/31/2018,Viernes,2,2018,8,31
2018-0097,2018-09-02,CONDUCTOR,AUTO,FEMENINO,35,9/2/2018,Domingo,2,2018,9,2
2018-0098,2018-09-09,CONDUCTOR,AUTO,MASCULINO,55,9/9/2018,Domingo,2,2018,9,9
2018-0098,2018-09-09,PASAJERO_ACOMPAÑANTE,AUTO,MASCULINO,54,9/9/2018,Domingo,2,2018,9,9
2018-0099,2018-09-12,PEATON,PEATON,MASCULINO,18,9/13/2018,Miércoles,2,2018,9,12
2018-0100,2018-09-20,CONDUCTOR,MOTO,FEMENINO,33,9/20/2018,Jueves,2,2018,9,20
2018-0101,2018-09-21,CONDUCTOR,AUTO,MASCULINO,30,9/21/2018,Viernes,2,2018,9,21
2018-0102,2018-09-21,CONDUCTOR,MOTO,MASCULINO,20,9/21/2018,Viernes,2,2018,9,21
2018-0103,2018-09-27,PEATON,PEATON,MASCULINO,1,9/29/2018,Jueves,2,2018,9,27
2018-0104,2018-10-01,CONDUCTOR,MOTO,MASCULINO,22,10/1/2018,Lunes,2,2018,10,1
2018-0105,2018-10-03,PEATON,PEATON,FEMENINO,56,10/3/2018,Miércoles,2,2018,10,3
2018-0106,2018-10-04,CONDUCTOR,MOTO,MASCULINO,27,10/4/2018,Jueves,2,2018,10,4
2018-0107,2018-10-06,PEATON,PEATON,FEMENINO,62,10/6/2018,Sábado,2,2018,10,6
2018-0108,2018-10-09,CONDUCTOR,MOTO,MASCULINO,37,10/10/2018,Martes,2,2018,10,9
2018-0109,2018-10-10,PEATON,PEATON,MASCULINO,34,10/10/2018,Miércoles,2,2018,10,10
2018-0110,2018-10-13,PEATON,PEATON,MASCULINO,60,10/14/2018,Sábado,2,2018,10,13
2018-0111,2018-10-19,CONDUCTOR,MOTO,MASCULINO,28,10/19/2018,Viernes,2,2018,10,19
2018-0112,2018-10-24,CONDUCTOR,MOTO,FEMENINO,28,10/24/2018,Miércoles,2,2018,10,24
2018-0113,2018-10-25,CONDUCTOR,MOTO,MASCULINO,20,10/25/2018,Jueves,2,2018,10,25
2018-0114,2018-10-30,CONDUCTOR,MOTO,MASCULINO,23,10/30/2018,Martes,2,2018,10,30
2018-0115,2018-10-31,PEATON,PEATON,MASCULINO,42,11/1/2018,Miércoles,2,2018,10,31
2018-0116,2018-11-01,PEATON,PEATON,MASCULINO,48,11/8/2018,Jueves,2,2018,11,1
2018-0117,2018-11-04,CONDUCTOR,MOTO,MASCULINO,30,11/8/2018,Domingo,2,2018,11,4
2018-0118,2018-11-05,PEATON,PEATON,FEMENINO,80,11/5/2018,Lunes,2,2018,11,5
2018-0119,2018-11-05,PEATON,PEATON,FEMENINO,32,11/6/2018,Lunes,2,2018,11,5
2018-0120,2018-11-09,PEATON,PEATON,FEMENINO,51,11/20/2018,Viernes,2,2018,11,9
2018-0121,2018-11-09,PEATON,PEATON,FEMENINO,72,11/9/2018,Viernes,2,2018,11,9
2018-0122,2018-11-12,CONDUCTOR,AUTO,MASCULINO,33,11/12/2018,Lunes,2,2018,11,12
2018-0123,2018-11-12,CONDUCTOR,AUTO,MASCULINO,25,11/12/2018,Lunes,2,2018,11,12
2018-0124,2018-11-15,CONDUCTOR,CARGAS,MASCULINO,44,11/15/2018,Jueves,2,2018,11,15
2018-0125,2018-11-16,PEATON,PEATON,MASCULINO,29,11/17/2018,Viernes,2,2018,11,16
2018-0126,2018-11-18,CONDUCTOR,MOTO,MASCULINO,27,11/23/2018,Domingo,2,2018,11,18
2018-0127,2018-11-19,CONDUCTOR,MOTO,MASCULINO,29,11/19/2018,Lunes,2,2018,11,19
2018-0128,2018-11-25,PASAJERO_ACOMPAÑANTE,AUTO,MASCULINO,49,11/25/2018,Domingo,2,2018,11,25
2018-0128,2018-11-25,PASAJERO_ACOMPAÑANTE,AUTO,FEMENINO,39,11/25/2018,Domingo,2,2018,11,25
2018-0129,2018-11-28,CONDUCTOR,MOTO,MASCULINO,37,11/30/2018,Miércoles,2,2018,11,28
2018-0130,2018-12-03,CONDUCTOR,MOTO,MASCULINO,30,12/3/2018,Lunes,2,2018,12,3
2018-0131,2018-12-07,CONDUCTOR,MOTO,MASCULINO,29,12/7/2018,Viernes,2,2018,12,7
2018-0132,2018-12-12,PEATON,PEATON,MASCULINO,70,12/12/2018,Miércoles,2,2018,12,12
2018-0133,2018-12-12,PEATON,PEATON,FEMENINO,60,12/12/2018,Miércoles,2,2018,12,12
2018-0134,2018-12-12,PEATON,PEATON,MASCULINO,56,12/13/2018,Miércoles,2,2018,12,12
2018-0135,2018-12-18,PEATON,PEATON,MASCULINO,80,12/22/2018,Martes,2,2018,12,18
2018-0136,2018-12-18,PEATON,PEATON,FEMENINO,70,12/18/2018,Martes,2,2018,12,18
2018-0137,2018-12-18,PASAJERO_ACOMPAÑANTE,MOTO,MASCULINO,29,12/19/2018,Martes,2,2018,12,18
2018-0138,2018-12-21,PASAJERO_ACOMPAÑANTE,PASAJEROS,FEMENINO,79,12/21/2018,Viernes,2,2018,12,21
2018-0139,2018-12-22,PASAJERO_ACOMPAÑANTE,MOTO,MASCULINO,28,12/24/2018,Sábado,2,2018,12,22
2018-0140,2018-12-22,CONDUCTOR,AUTO,MASCULINO,78,12/22/2018,Sábado,2,2018,12,22
2018-0141,2018-12-22,PEATON,PEATON,MASCULINO,75,12/24/2018,Sábado,2,2018,12,22
2018-0142,2018-12-25,PASAJERO_ACOMPAÑANTE,CARGAS,MASCULINO,32,1/1/2019,Martes,2,2018,12,25
2018-0143,2018-12-29,CONDUCTOR,MOTO,MASCULINO,22,12/29/2018,Sábado,2,2018,12,29
2019-0001,2019-01-08,CONDUCTOR,MOTO,MASCULINO,25,1/8/2019,Martes,1,2019,1,8
2019-0002,2019-01-09,CONDUCTOR,AUTO,MASCULINO,32,1/9/2019,Miércoles,1,2019,1,9
2019-0003,2019-01-12,CONDUCTOR,MOTO,MASCULINO,23,1/12/2019,Sábado,1,2019,1,12
2019-0004,2019-01-14,CONDUCTOR,AUTO,MASCULINO,71,1/14/2019,Lunes,1,2019,1,14
2019-0005,2019-01-19,CONDUCTOR,MOTO,MASCULINO,43,1/19/2019,Sábado,1,2019,1,19
2019-0006,2019-01-23,PEATON,PEATON,FEMENINO,12,1/23/2019,Miércoles,1,2019,1,23
2019-0007,2019-01-26,CONDUCTOR,MOTO,MASCULINO,35,1/26/2019,Sábado,1,2019,1,26
2019-0008,2019-01-30,CONDUCTOR,MOTO,MASCULINO,42,1/31/2019,Miércoles,1,2019,1,30
2019-0009,2019-01-31,CONDUCTOR,MOTO,MASCULINO,34,1/31/2019,Jueves,1,2019,1,31
2019-0010,2019-02-02,PEATON,PEATON,MASCULINO,30,2/2/2019,Sábado,1,2019,2,2
2019-0010,2019-02-02,PEATON,PEATON,MASCULINO,59,2/2/2019,Sábado,1,2019,2,2
2019-0011,2019-02-10,PEATON,PEATON,MASCULINO,30,2/10/2019,Domingo,1,2019,2,10
2019-0012,2019-02-17,CONDUCTOR,MOTO,MASCULINO,31,2/20/2019,Domingo,1,2019,2,17
2019-0013,2019-02-20,PEATON,PEATON,MASCULINO,39,3/2/2019,Miércoles,1,2019,2,20
2019-0014,2019-02-20,CONDUCTOR,MOTO,MASCULINO,69,2/20/2019,Miércoles,1,2019,2,20
2019-0015,2019-02-23,CONDUCTOR,AUTO,MASCULINO,21,2/23/2019,Sábado,1,2019,2,23
2019-0016,2019-02-24,CONDUCTOR,MOTO,MASCULINO,40,2/24/2019,Domingo,1,2019,2,24
2019-0017,2019-03-03,CONDUCTOR,AUTO,MASCULINO,22,3/7/2019,Domingo,1,2019,3,3
2019-0018,2019-03-03,PEATON,PEATON,FEMENINO,29,3/3/2019,Domingo,1,2019,3,3
2019-0019,2019-03-06,CONDUCTOR,MOTO,MASCULINO,30,26/03/2019,Miércoles,1,2019,3,6
2019-0020,2019-03-07,CONDUCTOR,MOTO,MASCULINO,43,3/7/2019,Jueves,1,2019,3,7
2019-0021,2019-03-15,CONDUCTOR,MOTO,MASCULINO,23,3/16/2019,Viernes,1,2019,3,15
2019-0022,2019-03-15,PASAJERO_ACOMPAÑANTE,AUTO,MASCULINO,30,3/15/2019,Viernes,1,2019,3,15
2019-0023,2019-03-16,CONDUCTOR,AUTO,MASCULINO,34,3/16/2019,Sábado,1,2019,3,16
2019-0024,2019-03-19,CONDUCTOR,MOTO,MASCULINO,32,3/19/2019,Martes,1,2019,3,19
2019-0025,2019-03-22,PEATON,PEATON,MASCULINO,27,4/4/2019,Viernes,1,2019,3,22
2019-0026,2019-03-28,PEATON,PEATON,MASCULINO,30,3/28/2019,Jueves,1,2019,3,28
2019-0027,2019-03-28,CICLISTA,BICICLETA,MASCULINO,37,3/28/2019,Jueves,1,2019,3,28
2019-0028,2019-04-06,PEATON,PEATON,FEMENINO,30,4/6/2019,Sábado,1,2019,4,6
2019-0029,2019-04-07,CONDUCTOR,MOTO,MASCULINO,27,4/7/2019,Domingo,1,2019,4,7
2019-0030,2019-04-09,CONDUCTOR,MOTO,MASCULINO,25,4/9/2019,Martes,1,2019,4,9
2019-0031,2019-04-12,CICLISTA,BICICLETA,MASCULINO,20,4/12/2019,Viernes,1,2019,4,12
2019-0032,2019-04-16,PEATON,PEATON,FEMENINO,83,4/18/2019,Martes,1,2019,4,16
2019-0033,2019-04-18,CONDUCTOR,MOTO,MASCULINO,25,4/18/2019,Jueves,1,2019,4,18
2019-0034,2019-04-21,CONDUCTOR,MOTO,MASCULINO,30,4/21/2019,Domingo,1,2019,4,21
2019-0035,2019-04-23,PEATON,PEATON,FEMENINO,75,4/23/2019,Martes,1,2019,4,23
2019-0036,2019-04-26,CONDUCTOR,MOTO,MASCULINO,34,5/2/2019,Viernes,1,2019,4,26
2019-0037,2019-05-01,CONDUCTOR,MOTO,MASCULINO,17,5/1/2019,Miércoles,1,2019,5,1
2019-0038,2019-05-04,PEATON,PEATON,FEMENINO,42,5/5/2019,Sábado,1,2019,5,4
2019-0105,2019-05-05,PEATON,PEATON,FEMENINO,82,5/8/2019,Domingo,1,2019,5,5
2019-0039,2019-05-09,CONDUCTOR,MOTO,MASCULINO,28,5/9/2019,Jueves,1,2019,5,9
2019-0040,2019-05-09,CONDUCTOR,MOTO,MASCULINO,44,5/15/2019,Jueves,1,2019,5,9
2019-0041,2019-05-11,PASAJERO_ACOMPAÑANTE,AUTO,FEMENINO,78,5/11/2019,Sábado,1,2019,5,11
2019-0042,2019-05-14,PEATON,PEATON,MASCULINO,39,5/14/2019,Martes,1,2019,5,14
2019-0043,2019-05-21,CICLISTA,BICICLETA,FEMENINO,30,5/21/2019,Martes,1,2019,5,21
2019-0044,2019-05-27,PEATON,PEATON,FEMENINO,77,5/29/2019,Lunes,1,2019,5,27
2019-0045,2019-06-03,CONDUCTOR,MOTO,MASCULINO,33,6/3/2019,Lunes,1,2019,6,3
2019-0046,2019-06-04,PASAJERO_ACOMPAÑANTE,MOTO,FEMENINO,26,6/4/2019,Martes,1,2019,6,4
2019-0047,2019-06-06,PEATON,PEATON,MASCULINO,76,6/6/2019,Jueves,1,2019,6,6
2019-0048,2019-06-07,CONDUCTOR,MOTO,MASCULINO,32,6/7/2019,Viernes,1,2019,6,7
2019-0049,2019-06-08,PEATON,PEATON,FEMENINO,72,6/9/2019,Sábado,1,2019,6,8
2019-0050,2019-06-08,CONDUCTOR,MOTO,MASCULINO,21,6/9/2019,Sábado,1,2019,6,8
2019-0051,2019-06-11,CONDUCTOR,MOTO,MASCULINO,41,6/11/2019,Martes,1,2019,6,11
2019-0053,2019-06-14,PASAJERO_ACOMPAÑANTE,AUTO,MASCULINO,49,6/14/2019,Viernes,1,2019,6,14
2019-0054,2019-06-20,CONDUCTOR,MOTO,MASCULINO,21,6/20/2019,Jueves,1,2019,6,20
2019-0055,2019-06-20,CONDUCTOR,MOTO,MASCULINO,47,6/21/2019,Jueves,1,2019,6,20
2019-0056,2019-06-29,PEATON,PEATON,FEMENINO,75,6/29/2019,Sábado,1,2019,6,29
2019-0057,2019-07-05,PEATON,PEATON,FEMENINO,63,7/8/2019,Viernes,2,2019,7,5
2019-0058,2019-07-10,CONDUCTOR,MOTO,MASCULINO,39,7/10/2019,Miércoles,2,2019,7,10
2019-0059,2019-07-13,CONDUCTOR,MOTO,MASCULINO,30,7/13/2019,Sábado,2,2019,7,13
2019-0060,2019-07-17,PEATON,PEATON,FEMENINO,78,7/17/2019,Miércoles,2,2019,7,17
2019-0061,2019-07-17,PEATON,PEATON,FEMENINO,58,7/17/2019,Miércoles,2,2019,7,17
2019-0062,2019-08-01,PEATON,PEATON,FEMENINO,60,8/2/2019,Jueves,2,2019,8,1
2019-0063,2019-08-04,PASAJERO_ACOMPAÑANTE,MOTO,MASCULINO,30,8/4/2019,Domingo,2,2019,8,4
2019-0064,2019-08-06,CONDUCTOR,MOTO,MASCULINO,20,8/6/2019,Martes,2,2019,8,6
2019-0065,2019-08-08,PEATON,PEATON,FEMENINO,55,8/9/2019,Jueves,2,2019,8,8
2019-0066,2019-08-11,PEATON,PEATON,MASCULINO,40,8/11/2019,Domingo,2,2019,8,11
2019-0067,2019-08-14,CONDUCTOR,MOTO,MASCULINO,35,8/14/2019,Miércoles,2,2019,8,14
2019-0068,2019-08-14,CONDUCTOR,MOTO,MASCULINO,53,8/14/2019,Miércoles,2,2019,8,14
2019-0069,2019-08-17,CONDUCTOR,MOTO,MASCULINO,43,8/17/2019,Sábado,2,2019,8,17
2019-0070,2019-08-22,CONDUCTOR,MOTO,MASCULINO,25,8/22/2019,Jueves,2,2019,8,22
2019-0071,2019-08-27,PEATON,PEATON,MASCULINO,30,8/27/2019,Martes,2,2019,8,27
2019-0072,2019-08-28,CONDUCTOR,AUTO,MASCULINO,22,9/2/2019,Miércoles,2,2019,8,28
2019-0073,2019-08-29,CONDUCTOR,AUTO,MASCULINO,29,9/6/2019,Jueves,2,2019,8,29
2019-0074,2019-08-29,CONDUCTOR,MOTO,MASCULINO,35,8/29/2019,Jueves,2,2019,8,29
2019-0075,2019-08-30,CONDUCTOR,MOTO,MASCULINO,31,8/30/2019,Viernes,2,2019,8,30
2019-0076,2019-09-05,CONDUCTOR,MOTO,FEMENINO,29,9/5/2019,Jueves,2,2019,9,5
2019-0077,2019-09-08,PEATON,PEATON,FEMENINO,28,9/8/2019,Domingo,2,2019,9,8
2019-0078,2019-09-12,PEATON,PEATON,FEMENINO,72,9/15/2019,Jueves,2,2019,9,12
2019-0079,2019-09-17,CONDUCTOR,MOTO,MASCULINO,57,9/17/2019,Martes,2,2019,9,17
2019-0080,2019-09-17,PEATON,PEATON,MASCULINO,76,9/17/2019,Martes,2,2019,9,17
2019-0081,2019-09-23,PEATON,PEATON,MASCULINO,67,10/7/2019,Lunes,2,2019,9,23
2019-0082,2019-09-25,CICLISTA,BICICLETA,MASCULINO,47,9/25/2019,Miércoles,2,2019,9,25
2019-0083,2019-09-26,CONDUCTOR,AUTO,MASCULINO,73,9/26/2019,Jueves,2,2019,9,26
2019-0084,2019-09-27,CICLISTA,BICICLETA,FEMENINO,40,9/27/2019,Viernes,2,2019,9,27
2019-0085,2019-10-09,CICLISTA,BICICLETA,MASCULINO,20,10/9/2019,Miércoles,2,2019,10,9
2019-0086,2019-10-15,CONDUCTOR,MOTO,MASCULINO,29,10/15/2019,Martes,2,2019,10,15
2019-0087,2019-10-21,CONDUCTOR,MOTO,MASCULINO,41,10/21/2019,Lunes,2,2019,10,21
2019-0088,2019-10-22,PEATON,PEATON,MASCULINO,27,10/22/2019,Martes,2,2019,10,22
2019-0089,2019-10-23,PEATON,PEATON,FEMENINO,92,10/23/2019,Miércoles,2,2019,10,23
2019-0090,2019-10-24,PEATON,PEATON,MASCULINO,67,10/26/2019,Jueves,2,2019,10,24
2019-0091,2019-11-01,PEATON,PEATON,MASCULINO,35,11/1/2019,Viernes,2,2019,11,1
2019-0092,2019-11-03,PEATON,PEATON,MASCULINO,37,11/3/2019,Domingo,2,2019,11,3
2019-0093,2019-11-13,CICLISTA,BICICLETA,MASCULINO,16,11/13/2019,Miércoles,2,2019,11,13
2019-0094,2019-11-18,PASAJERO_ACOMPAÑANTE,MOTO,FEMENINO,30,11/18/2019,Lunes,2,2019,11,18
2019-0095,2019-11-20,CONDUCTOR,MOTO,MASCULINO,30,11/20/2019,Miércoles,2,2019,11,20
2019-0096,2019-11-22,PEATON,PEATON,MASCULINO,73,11/22/2019,Viernes,2,2019,11,22
2019-0097,2019-11-25,PASAJERO_ACOMPAÑANTE,MOTO,FEMENINO,23,11/25/2019,Lunes,2,2019,11,25
2019-0098,2019-11-25,PASAJERO_ACOMPAÑANTE,PASAJEROS,FEMENINO,61,11/29/2019,Lunes,2,2019,11,25
2019-0100,2019-12-05,CONDUCTOR,MOTO,MASCULINO,38,12/18/2019,Jueves,2,2019,12,5
2019-0101,2019-12-17,CONDUCTOR,MOTO,MASCULINO,25,12/17/2019,Martes,2,2019,12,17
2019-0102,2019-12-17,CONDUCTOR,MOTO,MASCULINO,18,12/18/2019,Martes,2,2019,12,17
2019-0103,2019-12-18,CONDUCTOR,MOTO,MASCULINO,24,12/18/2019,Miércoles,2,2019,12,18
2019-0104,2019-12-21,PASAJERO_ACOMPAÑANTE,MOTO,FEMENINO,23,12/22/2019,Sábado,2,2019,12,21
2020-0001,2020-01-04,PEATON,PEATON,FEMENINO,87,1/4/2020,Sábado,1,2020,1,4
2020-0002,2020-01-05,CONDUCTOR,MOTO,MASCULINO,36,1/7/2020,Domingo,1,2020,1,5
2020-0003,2020-01-11,PEATON,PEATON,MASCULINO,44,1/11/2020,Sábado,1,2020,1,11
2020-0004,2020-01-14,PEATON,PEATON,MASCULINO,82,1/15/2020,Martes,1,2020,1,14
2020-0005,2020-01-14,CONDUCTOR,MOTO,MASCULINO,25,2/10/2020,Martes,1,2020,1,14
2020-0006,2020-01-20,CONDUCTOR,MOTO,MASCULINO,23,1/20/2020,Lunes,1,2020,1,20
2020-0007,2020-01-27,PEATON,PEATON,MASCULINO,52,1/27/2020,Lunes,1,2020,1,27
2020-0008,2020-01-30,CONDUCTOR,MOTO,MASCULINO,49,1/30/2020,Jueves,1,2020,1,30
2020-0009,2020-02-04,PEATON,PEATON,MASCULINO,48,2/5/2020,Martes,1,2020,2,4
2020-0010,2020-02-08,CONDUCTOR,MOTO,MASCULINO,30,2/8/2020,Sábado,1,2020,2,8
2020-0011,2020-02-12,CONDUCTOR,MOTO,MASCULINO,31,2/12/2020,Miércoles,1,2020,2,12
2020-0012,2020-02-18,PEATON,PEATON,FEMENINO,66,2/18/2020,Martes,1,2020,2,18
2020-0013,2020-02-20,PEATON,PEATON,FEMENINO,58,3/3/2020,Jueves,1,2020,2,20
2020-0014,2020-02-27,CONDUCTOR,MOTO,MASCULINO,30,2/27/2020,Jueves,1,2020,2,27
2020-0015,2020-02-28,CONDUCTOR,MOTO,MASCULINO,29,2/28/2020,Viernes,1,2020,2,28
2020-0016,2020-02-29,PEATON,PEATON,MASCULINO,68,3/9/2020,Sábado,1,2020,2,29
2020-0017,2020-03-05,PEATON,PEATON,MASCULINO,30,3/5/2020,Jueves,1,2020,3,5
2020-0018,2020-03-09,CONDUCTOR,MOTO,MASCULINO,31,3/9/2020,Lunes,1,2020,3,9
2020-0019,2020-03-10,PEATON,PEATON,FEMENINO,80,3/10/2020,Martes,1,2020,3,10
2020-0020,2020-03-13,PEATON,PEATON,FEMENINO,74,3/17/2020,Viernes,1,2020,3,13
2020-0021,2020-03-14,PEATON,PEATON,FEMENINO,87,3/14/2020,Sábado,1,2020,3,14
2020-0022,2020-04-07,PASAJERO_ACOMPAÑANTE,AUTO,MASCULINO,44,4/7/2020,Martes,1,2020,4,7
2020-0023,2020-04-09,CONDUCTOR,AUTO,MASCULINO,44,5/3/2020,Jueves,1,2020,4,9
2020-0024,2020-04-24,CONDUCTOR,AUTO,MASCULINO,53,4/24/2020,Viernes,1,2020,4,24
2020-0025,2020-05-12,PEATON,PEATON,MASCULINO,30,5/12/2020,Martes,1,2020,5,12
2020-0026,2020-05-17,CONDUCTOR,MOTO,MASCULINO,28,5/17/2020,Domingo,1,2020,5,17
2020-0027,2020-05-18,PEATON,PEATON,MASCULINO,76,5/18/2020,Lunes,1,2020,5,18
2020-0028,2020-05-19,PEATON,PEATON,MASCULINO,91,5/23/2020,Martes,1,2020,5,19
2020-0029,2020-06-10,PEATON,PEATON,MASCULINO,80,6/12/2020,Miércoles,1,2020,6,10
2020-0030,2020-06-16,CONDUCTOR,MOTO,MASCULINO,40,6/16/2020,Martes,1,2020,6,16
2020-0031,2020-06-30,CONDUCTOR,MOTO,MASCULINO,29,6/30/2020,Martes,1,2020,6,30
2020-0032,2020-07-10,CONDUCTOR,MOTO,MASCULINO,21,7/10/2020,Viernes,2,2020,7,10
2020-0033,2020-07-19,CONDUCTOR,AUTO,MASCULINO,32,7/19/2020,Domingo,2,2020,7,19
2020-0034,2020-08-02,PEATON,PEATON,FEMENINO,30,8/2/2020,Domingo,2,2020,8,2
2020-0035,2020-08-04,CONDUCTOR,MOTO,MASCULINO,40,8/4/2020,Martes,2,2020,8,4
2020-0036,2020-08-07,PEATON,PEATON,MASCULINO,72,8/22/2020,Viernes,2,2020,8,7
2020-0037,2020-08-29,PEATON,PEATON,MASCULINO,38,8/29/2020,Sábado,2,2020,8,29
2020-0038,2020-08-30,CONDUCTOR,AUTO,MASCULINO,46,8/30/2020,Domingo,2,2020,8,30
2020-0038,2020-08-30,CONDUCTOR,AUTO,MASCULINO,64,8/30/2020,Domingo,2,2020,8,30
2020-0039,2020-09-01,PEATON,PEATON,MASCULINO,44,9/1/2020,Martes,2,2020,9,1
2020-0040,2020-09-12,CONDUCTOR,AUTO,MASCULINO,30,9/12/2020,Sábado,2,2020,9,12
2020-0041,2020-09-28,CONDUCTOR,MOTO,MASCULINO,34,9/28/2020,Lunes,2,2020,9,28
2020-0042,2020-09-29,PEATON,PEATON,FEMENINO,53,9/29/2020,Martes,2,2020,9,29
2020-0043,2020-09-30,PEATON,PEATON,MASCULINO,64,9/30/2020,Miércoles,2,2020,9,30
2020-0044,2020-10-05,CONDUCTOR,AUTO,MASCULINO,43,10/5/2020,Lunes,2,2020,10,5
2020-0045,2020-10-19,CONDUCTOR,AUTO,MASCULINO,50,10/19/2020,Lunes,2,2020,10,19
2020-0046,2020-10-27,CONDUCTOR,MOTO,MASCULINO,41,10/27/2020,Martes,2,2020,10,27
2020-0047,2020-10-27,PEATON,PEATON,MASCULINO,15,10/27/2020,Martes,2,2020,10,27
2020-0048,2020-10-29,CONDUCTOR,MOTO,MASCULINO,41,10/29/2020,Jueves,2,2020,10,29
2020-0049,2020-10-30,PEATON,PEATON,MASCULINO,36,10/30/2020,Viernes,2,2020,10,30
2020-0050,2020-11-01,PEATON,PEATON,FEMENINO,28,11/1/2020,Domingo,2,2020,11,1
2020-0051,2020-11-05,CONDUCTOR,MOTO,MASCULINO,49,11/5/2020,Jueves,2,2020,11,5
2020-0052,2020-11-07,CICLISTA,BICICLETA,MASCULINO,44,11/7/2020,Sábado,2,2020,11,7
2020-0053,2020-11-09,PASAJERO_ACOMPAÑANTE,AUTO,MASCULINO,27,11/9/2020,Lunes,2,2020,11,9
2020-0054,2020-11-19,CICLISTA,BICICLETA,MASCULINO,59,11/23/2020,Jueves,2,2020,11,19
2020-0055,2020-11-19,PEATON,PEATON,MASCULINO,91,12/11/2020,Jueves,2,2020,11,19
2020-0056,2020-11-21,CONDUCTOR,MOTO,FEMENINO,34,11/21/2020,Sábado,2,2020,11,21
2020-0057,2020-11-23,PEATON,PEATON,MASCULINO,84,11/23/2020,Lunes,2,2020,11,23
2020-0058,2020-11-24,PEATON,PEATON,MASCULINO,57,11/25/2020,Martes,2,2020,11,24
2020-0059,2020-12-01,PEATON,PEATON,FEMENINO,49,12/14/2020,Martes,2,2020,12,1
2020-0060,2020-12-03,PEATON,PEATON,FEMENINO,69,12/3/2020,Jueves,2,2020,12,3
2020-0061,2020-12-03,CONDUCTOR,MOTO,MASCULINO,45,12/4/2020,Jueves,2,2020,12,3
2020-0062,2020-12-04,CICLISTA,BICICLETA,MASCULINO,47,12/4/2020,Viernes,2,2020,12,4
2020-0063,2020-12-05,PEATON,PEATON,MASCULINO,38,12/5/2020,Sábado,2,2020,12,5
2020-0063,2020-12-05,PASAJERO_ACOMPAÑANTE,MOTO,MASCULINO,21,12/5/2020,Sábado,2,2020,12,5
2020-0065,2020-12-05,CONDUCTOR,MOTO,MASCULINO,24,12/6/2020,Sábado,2,2020,12,5
2020-0066,2020-12-07,CONDUCTOR,MOTO,MASCULINO,27,12/7/2020,Lunes,2,2020,12,7
2020-0067,2020-12-11,PEATON,PEATON,MASCULINO,51,12/11/2020,Viernes,2,2020,12,11
2020-0068,2020-12-12,CONDUCTOR,MOTO,MASCULINO,71,12/20/2020,Sábado,2,2020,12,12
2020-0069,2020-12-15,PASAJERO_ACOMPAÑANTE,MOTO,MASCULINO,25,12/15/2020,Martes,2,2020,12,15
2020-0070,2020-12-17,PEATON,PEATON,FEMENINO,81,12/22/2020,Jueves,2,2020,12,17
2020-0071,2020-12-17,PEATON,PEATON,MASCULINO,4,12/17/2020,Jueves,2,2020,12,17
2020-0072,2020-12-19,CICLISTA,BICICLETA,MASCULINO,42,12/19/2020,Sábado,2,2020,12,19
2020-0073,2020-12-20,CONDUCTOR,MOTO,MASCULINO,56,12/20/2020,Domingo,2,2020,12,20
2020-0074,2020-12-20,CONDUCTOR,AUTO,MASCULINO,39,12/20/2020,Domingo,2,2020,12,20
2020-0075,2020-12-23,PEATON,PEATON,MASCULINO,23,12/23/2020,Miércoles,2,2020,12,23
2020-0076,2020-12-24,CONDUCTOR,AUTO,FEMENINO,78,1/17/2021,Jueves,2,2020,12,24
2020-0077,2020-12-25,CONDUCTOR,MOTO,FEMENINO,30,12/25/2020,Viernes,2,2020,12,25
2020-0077,2020-12-25,PASAJERO_ACOMPAÑANTE,MOTO,FEMENINO,24,12/25/2020,Viernes,2,2020,12,25
2020-0078,2020-12-25,CICLISTA,BICICLETA,MASCULINO,26,12/25/2020,Viernes,2,2020,12,25
2020-0079,2020-12-27,CONDUCTOR,MOTO,MASCULINO,28,12/27/2020,Domingo,2,2020,12,27
2021-0001,2021-01-06,CONDUCTOR,MOTO,MASCULINO,36,1/6/2021,Miércoles,1,2021,1,6
2021-0002,2021-01-07,CONDUCTOR,MOTO,FEMENINO,47,1/7/2021,Jueves,1,2021,1,7
2021-0003,2021-01-10,CONDUCTOR,MOTO,MASCULINO,27,1/10/2021,Domingo,1,2021,1,10
2021-0004,2021-01-11,PEATON,PEATON,FEMENINO,61,1/11/2021,Lunes,1,2021,1,11
2021-0005,2021-01-11,PEATON,PEATON,MASCULINO,73,1/14/2021,Lunes,1,2021,1,11
2021-0006,2021-01-12,PASAJERO_ACOMPAÑANTE,MOTO,FEMENINO,23,1/12/2021,Martes,1,2021,1,12
2021-0007,2021-01-18,CONDUCTOR,MOTO,MASCULINO,84,1/26/2021,Lunes,1,2021,1,18
2021-0008,2021-01-22,PEATON,PEATON,MASCULINO,28,1/22/2021,Viernes,1,2021,1,22
2021-0009,2021-01-23,CONDUCTOR,MOTO,MASCULINO,31,1/23/2021,Sábado,1,2021,1,23
2021-0010,2021-01-23,CONDUCTOR,MOTO,MASCULINO,28,1/23/2021,Sábado,1,2021,1,23
2021-0011,2021-01-27,PEATON,PEATON,MASCULINO,21,1/27/2021,Miércoles,1,2021,1,27
2021-0012,2021-01-29,PEATON,PEATON,MASCULINO,30,1/29/2021,Viernes,1,2021,1,29
2021-0013,2021-01-31,CONDUCTOR,MOTO,MASCULINO,41,1/31/2021,Domingo,1,2021,1,31
2021-0014,2021-02-02,PEATON,PEATON,MASCULINO,28,2/18/2021,Martes,1,2021,2,2
2021-0015,2021-02-06,CONDUCTOR,MOTO,MASCULINO,26,2/6/2021,Sábado,1,2021,2,6
2021-0016,2021-02-14,CONDUCTOR,AUTO,MASCULINO,22,2/14/2021,Domingo,1,2021,2,14
2021-0017,2021-02-17,CONDUCTOR,MOTO,MASCULINO,33,2/17/2021,Miércoles,1,2021,2,17
2021-0018,2021-02-20,PEATON,PEATON,MASCULINO,36,3/8/2021,Sábado,1,2021,2,20
2021-0019,2021-02-21,CONDUCTOR,MOTO,MASCULINO,30,2/21/2021,Domingo,1,2021,2,21
2021-0020,2021-02-21,PEATON,PEATON,FEMENINO,30,2/21/2021,Domingo,1,2021,2,21
2021-0021,2021-02-26,CONDUCTOR,MOTO,MASCULINO,39,3/4/2021,Viernes,1,2021,2,26
2021-0022,2021-02-28,PASAJERO_ACOMPAÑANTE,PASAJEROS,MASCULINO,68,3/6/2021,Domingo,1,2021,2,28
2021-0023,2021-03-01,CONDUCTOR,MOTO,MASCULINO,24,3/1/2021,Lunes,1,2021,3,1
2021-0024,2021-03-03,CICLISTA,BICICLETA,MASCULINO,5,3/3/2021,Miércoles,1,2021,3,3
2021-0025,2021-03-11,CONDUCTOR,MOTO,MASCULINO,37,3/11/2021,Jueves,1,2021,3,11
2021-0026,2021-03-15,CONDUCTOR,MOTO,MASCULINO,36,3/15/2021,Lunes,1,2021,3,15
2021-0027,2021-03-16,CONDUCTOR,MOTO,FEMENINO,19,3/16/2021,Martes,1,2021,3,16
2021-0028,2021-03-29,PEATON,PEATON,MASCULINO,30,3/29/2021,Lunes,1,2021,3,29
2021-0029,2021-03-31,CONDUCTOR,AUTO,MASCULINO,26,4/2/2021,Miércoles,1,2021,3,31
2021-0030,2021-04-03,PEATON,PEATON,MASCULINO,36,4/7/2021,Sábado,1,2021,4,3
2021-0031,2021-04-07,PEATON,PEATON,FEMENINO,68,4/11/2021,Miércoles,1,2021,4,7
2021-0032,2021-04-10,PEATON,PEATON,MASCULINO,60,4/29/2021,Sábado,1,2021,4,10
2021-0033,2021-04-14,CONDUCTOR,AUTO,MASCULINO,33,4/14/2021,Miércoles,1,2021,4,14
2021-0034,2021-04-19,PASAJERO_ACOMPAÑANTE,MOTO,FEMENINO,26,4/19/2021,Lunes,1,2021,4,19
2021-0035,2021-05-03,CONDUCTOR,MOTO,MASCULINO,24,5/3/2021,Lunes,1,2021,5,3
2021-0036,2021-05-09,CONDUCTOR,MOTO,MASCULINO,36,5/9/2021,Domingo,1,2021,5,9
2021-0037,2021-05-11,PEATON,PEATON,FEMENINO,58,5/11/2021,Martes,1,2021,5,11
2021-0038,2021-05-14,CONDUCTOR,MOTO,FEMENINO,44,5/14/2021,Viernes,1,2021,5,14
2021-0039,2021-05-15,CICLISTA,BICICLETA,MASCULINO,86,6/5/2021,Sábado,1,2021,5,15
2021-0040,2021-05-20,CONDUCTOR,MOTO,MASCULINO,27,5/20/2021,Jueves,1,2021,5,20
2021-0041,2021-05-20,PEATON,PEATON,MASCULINO,75,5/20/2021,Jueves,1,2021,5,20
2021-0042,2021-05-21,PEATON,PEATON,MASCULINO,39,5/21/2021,Viernes,1,2021,5,21
2021-0043,2021-05-22,PEATON,PEATON,MASCULINO,50,5/22/2021,Sábado,1,2021,5,22
2021-0044,2021-05-25,PASAJERO_ACOMPAÑANTE,MOTO,MASCULINO,21,5/25/2021,Martes,1,2021,5,25
2021-0045,2021-05-26,CONDUCTOR,MOTO,MASCULINO,22,5/26/2021,Miércoles,1,2021,5,26
2021-0046,2021-05-31,PASAJERO_ACOMPAÑANTE,AUTO,MASCULINO,20,5/31/2021,Lunes,1,2021,5,31
2021-0047,2021-06-02,CONDUCTOR,MOTO,MASCULINO,59,6/2/2021,Miércoles,1,2021,6,2
2021-0048,2021-06-03,CICLISTA,BICICLETA,MASCULINO,44,6/23/2021,Jueves,1,2021,6,3
2021-0049,2021-06-03,CONDUCTOR,AUTO,MASCULINO,74,6/3/2021,Jueves,1,2021,6,3
2021-0050,2021-06-10,CONDUCTOR,MOTO,MASCULINO,56,6/10/2021,Jueves,1,2021,6,10
2021-0051,2021-06-15,PEATON,PEATON,MASCULINO,73,6/16/2021,Martes,1,2021,6,15
2021-0052,2021-06-20,PASAJERO_ACOMPAÑANTE,MOTO,FEMENINO,19,6/20/2021,Domingo,1,2021,6,20
2021-0053,2021-06-20,PEATON,PEATON,MASCULINO,58,6/30/2021,Domingo,1,2021,6,20
2021-0054,2021-06-22,CONDUCTOR,MOTO,MASCULINO,41,6/22/2021,Martes,1,2021,6,22
2021-0055,2021-06-29,PASAJERO_ACOMPAÑANTE,MOTO,MASCULINO,47,6/29/2021,Martes,1,2021,6,29
2021-0056,2021-07-09,CICLISTA,BICICLETA,MASCULINO,60,7/9/2021,Viernes,2,2021,7,9
2021-0057,2021-07-10,CONDUCTOR,AUTO,MASCULINO,46,7/10/2021,Sábado,2,2021,7,10
2021-0058,2021-07-21,PEATON,PEATON,MASCULINO,24,7/21/2021,Miércoles,2,2021,7,21
2021-0059,2021-07-22,PASAJERO_ACOMPAÑANTE,AUTO,FEMENINO,44,7/22/2021,Jueves,2,2021,7,22
2021-0060,2021-07-22,PEATON,PEATON,FEMENINO,80,7/22/2021,Jueves,2,2021,7,22
2021-0061,2021-07-24,PEATON,PEATON,FEMENINO,55,7/24/2021,Sábado,2,2021,7,24
2021-0062,2021-07-27,CONDUCTOR,AUTO,MASCULINO,73,7/27/2021,Martes,2,2021,7,27
2021-0063,2021-08-02,PASAJERO_ACOMPAÑANTE,AUTO,FEMENINO,31,8/2/2021,Lunes,2,2021,8,2
2021-0064,2021-08-02,PEATON,PEATON,MASCULINO,37,8/3/2021,Lunes,2,2021,8,2
2021-0065,2021-08-06,PEATON,PEATON,FEMENINO,63,8/10/2021,Viernes,2,2021,8,6
2021-0066,2021-08-06,PEATON,PEATON,MASCULINO,59,8/9/2021,Viernes,2,2021,8,6
2021-0067,2021-08-08,CONDUCTOR,MOTO,MASCULINO,27,8/8/2021,Domingo,2,2021,8,8
2021-0068,2021-08-15,CONDUCTOR,MOTO,MASCULINO,39,8/15/2021,Domingo,2,2021,8,15
2021-0069,2021-08-20,PEATON,PEATON,MASCULINO,17,8/21/2021,Viernes,2,2021,8,20
2021-0070,2021-08-28,CONDUCTOR,MOTO,MASCULINO,31,8/28/2021,Sábado,2,2021,8,28
2021-0071,2021-08-31,PEATON,PEATON,MASCULINO,88,9/1/2021,Martes,2,2021,8,31
2021-0072,2021-09-01,PEATON,PEATON,FEMENINO,57,9/1/2021,Miércoles,2,2021,9,1
2021-0073,2021-09-18,CICLISTA,BICICLETA,FEMENINO,76,9/18/2021,Sábado,2,2021,9,18
2021-0074,2021-09-20,CONDUCTOR,MOTO,MASCULINO,55,9/20/2021,Lunes,2,2021,9,20
2021-0075,2021-09-21,PEATON,PEATON,MASCULINO,65,9/21/2021,Martes,2,2021,9,21
2021-0076,2021-10-16,CONDUCTOR,MOTO,MASCULINO,31,10/16/2021,Sábado,2,2021,10,16
2021-0077,2021-10-18,CONDUCTOR,MOTO,FEMENINO,31,10/18/2021,Lunes,2,2021,10,18
2021-0078,2021-10-23,CONDUCTOR,MOTO,MASCULINO,22,10/23/2021,Sábado,2,2021,10,23
2021-0079,2021-10-25,PEATON,PEATON,MASCULINO,30,10/25/2021,Lunes,2,2021,10,25
2021-0080,2021-10-28,CONDUCTOR,MOTO,MASCULINO,32,10/28/2021,Jueves,2,2021,10,28
2021-0081,2021-11-02,CONDUCTOR,MOTO,MASCULINO,26,11/2/2021,Martes,2,2021,11,2
2021-0082,2021-11-06,CONDUCTOR,MOTO,MASCULINO,38,11/6/2021,Sábado,2,2021,11,6
2021-0083,2021-11-09,CONDUCTOR,MOTO,MASCULINO,30,11/9/2021,Martes,2,2021,11,9
2021-0084,2021-11-11,CONDUCTOR,AUTO,MASCULINO,32,11/11/2021,Jueves,2,2021,11,11
2021-0097,2021-11-18,CICLISTA,BICICLETA,MASCULINO,53,11/19/2021,Jueves,2,2021,11,18
2021-0085,2021-11-20,CONDUCTOR,MOTO,MASCULINO,49,11/20/2021,Sábado,2,2021,11,20
2021-0086,2021-11-25,PEATON,PEATON,MASCULINO,75,11/25/2021,Jueves,2,2021,11,25
2021-0087,2021-11-27,PEATON,PEATON,FEMENINO,73,11/27/2021,Sábado,2,2021,11,27
2021-0088,2021-12-01,CONDUCTOR,MOTO,MASCULINO,45,12/7/2021,Miércoles,2,2021,12,1
2021-0089,2021-12-02,CONDUCTOR,MOTO,MASCULINO,41,12/11/2021,Jueves,2,2021,12,2
2021-0090,2021-12-10,PEATON,PEATON,MASCULINO,73,1/3/2022,Viernes,2,2021,12,10
2021-0091,2021-12-11,CONDUCTOR,MOTO,MASCULINO,24,12/11/2021,Sábado,2,2021,12,11
2021-0092,2021-12-12,PEATON,PEATON,FEMENINO,50,12/12/2021,Domingo,2,2021,12,12
2021-0093,2021-12-13,PASAJERO_ACOMPAÑANTE,MOTO,FEMENINO,18,12/18/2021,Lunes,2,2021,12,13
2021-0094,2021-12-20,PASAJERO_ACOMPAÑANTE,MOTO,FEMENINO,43,12/20/2021,Lunes,2,2021,12,20
2021-0095,2021-12-30,CONDUCTOR,MOTO,MASCULINO,27,1/2/2022,Jueves,2,2021,12,30
2021-0096,2021-12-15,CONDUCTOR,AUTO,MASCULINO,60,12/20/2021,Miércoles,2,2021,12,15
